label,t_stat,p_val,n_mols
identifier,14.093812192646062,1.967764708331101e-42,744
bi-functional,15.295862019501412,1.736500315880765e-47,487
